{
  "project_info": {
    "project_number": "783506516310",
    "project_id": "padi-sakit",
    "storage_bucket": "padi-sakit.firebasestorage.app"
  },
  "client": [
    {
      "client_info": {
        "mobilesdk_app_id": "1:783506516310:android:9badc3fe65550b8e744ef7",
        "android_client_info": {
          "package_name": "com.example.flutter_application_pa"
        }
      },
      "oauth_client": [],
      "api_key": [
        {
          "current_key": "AIzaSyDsVupUqprspVaqXLmiXUGXMdnyiw5oDDI"
        }
      ],
      "services": {
        "appinvite_service": {
          "other_platform_oauth_client": []
        }
      }
    }
  ],
  "configuration_version": "1"
}