{"flutter":{"platforms":{"android":{"default":{"projectId":"padi-sakit","appId":"1:783506516310:android:9badc3fe65550b8e744ef7","fileOutput":"android/app/google-services.json"}},"dart":{"lib/firebase_options.dart":{"projectId":"padi-sakit","configurations":{"android":"1:783506516310:android:9badc3fe65550b8e744ef7","ios":"1:783506516310:ios:ab05c0b97bb8a5f0744ef7","macos":"1:783506516310:ios:ab05c0b97bb8a5f0744ef7","web":"1:783506516310:web:ca37712265f5fd1a744ef7","windows":"1:783506516310:web:5c0f7b6ab38421bd744ef7"}}}}}}